EMS_ID,MONITORING_LOCATION,REQUISITION_ID
1100844,ELK LAKE; CENTER,50223257
1100844,ELK LAKE; CENTER,50223257
1100953,LANGFORD LAKE; CENTRE,50223255
1100953,LANGFORD LAKE; CENTRE,50223255
E207466,QUAMICHAN LAKE; CENTRE,50223254
E207466,QUAMICHAN LAKE; CENTRE,50223254
E217509,COWICHAN LAKE LIMNOLOGY STATION # 3,50223253
E217509,COWICHAN LAKE LIMNOLOGY STATION # 3,50223253
E217508,COWICHAN LAKE LIMNOLOGY STATION # 2,50223252
E217508,COWICHAN LAKE LIMNOLOGY STATION # 2,50223252
E217507,COWICHAN LAKE LIMNOLOGY STATION # 1,50223251
E217507,COWICHAN LAKE LIMNOLOGY STATION # 1,50223251
1100862,BRANNEN LAKE,50223250
1100862,BRANNEN LAKE,50223250
500454,OKANAGAN L SOUTH PRAIRIE C - OK1 - N SUMMERLAND STP OUTFALL DIFFUSER,50223591
500454,OKANAGAN L SOUTH PRAIRIE C - OK1 - N SUMMERLAND STP OUTFALL DIFFUSER,50223591
500236,OKANAGAN L D/S KELOWNA STP (DEEP),50223592
500236,OKANAGAN L D/S KELOWNA STP (DEEP),50223592
500730,OKANAGAN L NORTH OKANAGAN CENTRE,50223611
500730,OKANAGAN L NORTH OKANAGAN CENTRE,50223611
500453,SKAHA L WEST OKANAGAN R MOUTH,50223632
500453,SKAHA L WEST OKANAGAN R MOUTH,50223632
500615,SKAHA L OPP. GILLIES,50223631
500615,SKAHA L OPP. GILLIES,50223631
500846,SKAHA L SOUTH BASIN,50223633
500846,SKAHA L SOUTH BASIN,50223633
500728,OSOYOOS L OPP. MONASHEE CO-OP,50223720
500728,OSOYOOS L OPP. MONASHEE CO-OP,50223720
E220540,OSOYOOS LAKE CENTRAL BASIN,50223721
E220540,OSOYOOS LAKE CENTRAL BASIN,50223721
500248,OSOYOOS L SOUTH BASIN,50223719
500248,OSOYOOS L SOUTH BASIN,50223719
500848,WOOD LAKE DEEP BASIN,50223712
500848,WOOD LAKE DEEP BASIN,50223712
500118,MABEL L @ SOUTH END (PE00173),50223714
500118,MABEL L @ SOUTH END (PE00173),50223714
500117,MABEL L @ TSUIUS CREEK,50223718
500117,MABEL L @ TSUIUS CREEK,50223718
500461,KALAMALKA L SOUTH COLDSTREAM C,50223698
500461,KALAMALKA L SOUTH COLDSTREAM C,50223698
500847,KALAMALKA LAKE DEEP BASIN,50223699
500847,KALAMALKA LAKE DEEP BASIN,50223699
500246,KALAMALKA LAKE SOUTH END,50223697
500246,KALAMALKA LAKE SOUTH END,50223697
500239,OKANAGAN L CENTRAL ARMSTRONG ARM,50223723
500239,OKANAGAN L CENTRAL ARMSTRONG ARM,50223723
500124,SHUSWAP LK OPPOSITE MARBLE PT.,50224141
500124,SHUSWAP LK OPPOSITE MARBLE PT.,50224141
500128,MARA LAKE OPPOSITE FOSSETT,50223724
500128,MARA LAKE OPPOSITE FOSSETT,50223724
E285689,MARA SOUTH OFF KINGBAKER C,50223725
E285689,MARA SOUTH OFF KINGBAKER C,50223725
500265,ELLISON LAKE CENTRAL,50223722
500265,ELLISON LAKE CENTRAL,50223722
603019,WILLIAMS LAKE AT CENTER,50224344
603019,WILLIAMS LAKE AT CENTER,50224344
E215758,CHRISTINA LAKE NORTH BASIN DEEP CENTRE,50224331
E215758,CHRISTINA LAKE NORTH BASIN DEEP CENTRE,50224331
200078,CHRISTINA L @ CHRISTINA,50224332
200078,CHRISTINA L @ CHRISTINA,50224332
1130218,SLOCAN LAKE; N. END,50224340
1130218,SLOCAN LAKE; N. END,50224340
1130219,SLOCAN LAKE; S. END,50224339
1130219,SLOCAN LAKE; S. END,50224339
E301591,MOYIE LAKE SOUTH,50224342
E301591,MOYIE LAKE SOUTH,50224342
E301590,MOYIE LAKE NORTH,50224341
E301590,MOYIE LAKE NORTH,50224341
200052,WINDERMERE L. OFF TIMBER RIDGE,50224360
200052,WINDERMERE L. OFF TIMBER RIDGE,50224360
200434,COLUMBIA LAKE; MIDLAKE NORTH,50224359
200434,COLUMBIA LAKE; MIDLAKE NORTH,50224359
400336,TABOR L DEEP STN -IN SOUTH HALF OF LAKE,50224444
400336,TABOR L DEEP STN -IN SOUTH HALF OF LAKE,50224444
603097,CHIMNEY LK. AT NW END,50224471
603097,CHIMNEY LK. AT NW END,50224471
500119,SUGAR L @ SITKUM CR.,50223726
500119,SUGAR L @ SITKUM CR.,50223726
400489,NADSILNICH (WEST) L DEEP STN CENTER N. END,50224445
400489,NADSILNICH (WEST) L DEEP STN CENTER N. END,50224445
E223304,DIANA LAKE,50219591
E223304,DIANA LAKE,50219591
E206616,LAKELSE LAKE DEEP STATION,50219590
E206616,LAKELSE LAKE DEEP STATION,50219590
500123,SHUSWAP LK WEST OF SORRENTO,50224146
500123,SHUSWAP LK WEST OF SORRENTO,50224146
E228889,ADAMS LK OFF BRENNAN CK,50224702
E228889,ADAMS LK OFF BRENNAN CK,50224702
603017,DRAGON LK. AT MIDDLE,50224779
603017,DRAGON LK. AT MIDDLE,50224779
603100,HORSE LK. AT DEEPEST PT.,50224472
603100,HORSE LK. AT DEEPEST PT.,50224472
603006,NICOLA LK AT DEEPEST PT.,50224734
603006,NICOLA LK AT DEEPEST PT.,50224734
400411,FRASER L NEAR MIDDLE 3 KM E LOT 3229,50224576
400411,FRASER L NEAR MIDDLE 3 KM E LOT 3229,50224576
E105973,FRASER L WEST BASIN DEEP STN,50224575
E105973,FRASER L WEST BASIN DEEP STN,50224575
400502,CLUCULZ L DEEP STN EAST ARM CENTER,50224577
400502,CLUCULZ L DEEP STN EAST ARM CENTER,50224577
1131007,KATHLYN LAKE; NORTHBASIN,50224559
1131007,KATHLYN LAKE; NORTHBASIN,50224559
E206955,NALTESBY LK. DEEP STN. NEAR MAIN ISLAND,50224699
803038,PUNTZI LAKE AT CENTRE,50224465
803038,PUNTZI LAKE AT CENTRE,50224465
E206955,NALTESBY LK. DEEP STN. NEAR MAIN ISLAND,50224699
1130618,BURNS LAKE; DEEP STN #2,50224923
1130618,BURNS LAKE; DEEP STN #2,50224923
400379,BURNS LAKE NEAR DEADMAN`S ISLAND,50224922
400379,BURNS LAKE NEAR DEADMAN`S ISLAND,50224922
E224946,FRANCOIS LAKE EAST END DEEP STATION,50224924
E224946,FRANCOIS LAKE EAST END DEEP STATION,50224924
E224945,FRANCOIS LAKE WEST END DEEP STATION,50224926
E262699,BOWRON LAKE @ DEEPEST PT.,50224459
E224945,FRANCOIS LAKE WEST END DEEP STATION,50224926
E262699,BOWRON LAKE @ DEEPEST PT.,50224459
E271703,FRANCOIS LAKE CENTRE DEEP STATION,50224925
E271703,FRANCOIS LAKE CENTRE DEEP STATION,50224925
E206956,STUART LK EAST (MAIN) DEEP STN.,50224574
E216924,TYHEE LAKE @ DEEP STN,50224560
E206956,STUART LK EAST (MAIN) DEEP STN.,50224574
E216924,TYHEE LAKE @ DEEP STN,50224560
E207907,MOBERLY LAKE DEEP STN.,50224943
E207907,MOBERLY LAKE DEEP STN.,50224943
400390,CHARLIE L DEEP STATION 1.2 KM EAST OF PARK,50224941
400390,CHARLIE L DEEP STATION 1.2 KM EAST OF PARK,50224941
400935,SWAN L CENTER DEEP STN. 7 M DEPTH,50224945
1131112,MORICE LAKE; CENTER,50224119
1131112,MORICE LAKE; CENTER,50224119
400935,SWAN L CENTER DEEP STN. 7 M DEPTH,50224945
603071,PENNASK LK NEAR CENTER,50224742
603071,PENNASK LK NEAR CENTER,50224742
1131112,MORICE LAKE; CENTER,50226510
1131112,MORICE LAKE; CENTER,50226510
1131007,KATHLYN LAKE; NORTHBASIN,50226584
1131007,KATHLYN LAKE; NORTHBASIN,50226584
E216924,TYHEE LAKE @ DEEP STN,50226585
E216924,TYHEE LAKE @ DEEP STN,50226585
E217509,COWICHAN LAKE LIMNOLOGY STATION # 3,50226225
E217509,COWICHAN LAKE LIMNOLOGY STATION # 3,50226225
E217508,COWICHAN LAKE LIMNOLOGY STATION # 2,50226224
E217508,COWICHAN LAKE LIMNOLOGY STATION # 2,50226224
E217507,COWICHAN LAKE LIMNOLOGY STATION # 1,50226223
E217507,COWICHAN LAKE LIMNOLOGY STATION # 1,50226223
603019,WILLIAMS LAKE AT CENTER,50226600
603019,WILLIAMS LAKE AT CENTER,50226600
E223304,DIANA LAKE,50226580
E223304,DIANA LAKE,50226580
E275463,BAINBRIDGE LAKE; DEEP STN,50226155
E275463,BAINBRIDGE LAKE; DEEP STN,50226155
1100844,ELK LAKE; CENTER,50226220
1100844,ELK LAKE; CENTER,50226220
1100953,LANGFORD LAKE; CENTRE,50226219
1100953,LANGFORD LAKE; CENTRE,50226219
E207466,QUAMICHAN LAKE; CENTRE,50226221
E207466,QUAMICHAN LAKE; CENTRE,50226221
E301590,MOYIE LAKE NORTH,50226802
E301590,MOYIE LAKE NORTH,50226802
1100862,BRANNEN LAKE,50226158
E301591,MOYIE LAKE SOUTH,50226805
E301591,MOYIE LAKE SOUTH,50226805
1100862,BRANNEN LAKE,50226158
200434,COLUMBIA LAKE; MIDLAKE NORTH,50226801
200434,COLUMBIA LAKE; MIDLAKE NORTH,50226801
200052,WINDERMERE L. OFF TIMBER RIDGE,50226799
200052,WINDERMERE L. OFF TIMBER RIDGE,50226799
603071,PENNASK LK NEAR CENTER,50227028
603071,PENNASK LK NEAR CENTER,50227028
E275784,ALTA LAKE; NORTH DEEP SITE,50226521
E275784,ALTA LAKE; NORTH DEEP SITE,50226521
603017,DRAGON LK. AT MIDDLE,50226918
603017,DRAGON LK. AT MIDDLE,50226918
1132490,BROHM LAKE; MIDLAKE,50226520
1132490,BROHM LAKE; MIDLAKE,50226520
1130618,BURNS LAKE; DEEP STN #2,50226586
1130618,BURNS LAKE; DEEP STN #2,50226586
400379,BURNS LAKE NEAR DEADMAN`S ISLAND,50226587
E224946,FRANCOIS LAKE EAST END DEEP STATION,50226589
E224946,FRANCOIS LAKE EAST END DEEP STATION,50226589
E224945,FRANCOIS LAKE WEST END DEEP STATION,50226590
E224945,FRANCOIS LAKE WEST END DEEP STATION,50226590
E271703,FRANCOIS LAKE CENTRE DEEP STATION,50226588
E271703,FRANCOIS LAKE CENTRE DEEP STATION,50226588
500119,SUGAR L @ SITKUM CR.,50226411
1131186,WHITESWAN LAKE,50226808
500119,SUGAR L @ SITKUM CR.,50226411
1131186,WHITESWAN LAKE,50226808
E262699,BOWRON LAKE @ DEEPEST PT.,50226909
E262699,BOWRON LAKE @ DEEPEST PT.,50226909
E303250,PREMIER LAKE (DEEPEST POINT),50226807
E303250,PREMIER LAKE (DEEPEST POINT),50226807
603097,CHIMNEY LK. AT NW END,50226594
E303413,CHILLIWACK LAKE NEAR CENTRE OF THE NORTH 1/2 OF LAKE,50226519
603097,CHIMNEY LK. AT NW END,50226594
E303413,CHILLIWACK LAKE NEAR CENTRE OF THE NORTH 1/2 OF LAKE,50226519
500453,SKAHA L WEST OKANAGAN R MOUTH,50226318
500453,SKAHA L WEST OKANAGAN R MOUTH,50226318
500615,SKAHA L OPP. GILLIES,50226317
500615,SKAHA L OPP. GILLIES,50226317
500846,SKAHA L SOUTH BASIN,50226316
500846,SKAHA L SOUTH BASIN,50226316
603100,HORSE LK. AT DEEPEST PT.,50226609
603100,HORSE LK. AT DEEPEST PT.,50226609
500454,OKANAGAN L SOUTH PRAIRIE C - OK1 - N SUMMERLAND STP OUTFALL DIFFUSER,50226039
500454,OKANAGAN L SOUTH PRAIRIE C - OK1 - N SUMMERLAND STP OUTFALL DIFFUSER,50226039
500236,OKANAGAN L D/S KELOWNA STP (DEEP),50226314
500236,OKANAGAN L D/S KELOWNA STP (DEEP),50226314
500461,KALAMALKA L SOUTH COLDSTREAM C,50226380
500461,KALAMALKA L SOUTH COLDSTREAM C,50226380
500847,KALAMALKA LAKE DEEP BASIN,50226381
803038,PUNTZI LAKE AT CENTRE,50226914
500847,KALAMALKA LAKE DEEP BASIN,50226381
803038,PUNTZI LAKE AT CENTRE,50226914
500246,KALAMALKA LAKE SOUTH END,50226379
500246,KALAMALKA LAKE SOUTH END,50226379
500848,WOOD LAKE DEEP BASIN,50226382
500848,WOOD LAKE DEEP BASIN,50226382
500239,OKANAGAN L CENTRAL ARMSTRONG ARM,50226389
500239,OKANAGAN L CENTRAL ARMSTRONG ARM,50226389
500730,OKANAGAN L NORTH OKANAGAN CENTRE,50226315
500730,OKANAGAN L NORTH OKANAGAN CENTRE,50226315
500728,OSOYOOS L OPP. MONASHEE CO-OP,50226386
500728,OSOYOOS L OPP. MONASHEE CO-OP,50226386
E220540,OSOYOOS LAKE CENTRAL BASIN,50226387
E220540,OSOYOOS LAKE CENTRAL BASIN,50226387
500248,OSOYOOS L SOUTH BASIN,50226385
500248,OSOYOOS L SOUTH BASIN,50226385
500265,ELLISON LAKE CENTRAL,50226388
500265,ELLISON LAKE CENTRAL,50226388
500118,MABEL L @ SOUTH END (PE00173),50226383
500118,MABEL L @ SOUTH END (PE00173),50226383
500117,MABEL L @ TSUIUS CREEK,50226384
500117,MABEL L @ TSUIUS CREEK,50226384
500128,MARA LAKE OPPOSITE FOSSETT,50226390
500128,MARA LAKE OPPOSITE FOSSETT,50226390
E285689,MARA SOUTH OFF KINGBAKER C,50226391
E285689,MARA SOUTH OFF KINGBAKER C,50226391
E215758,CHRISTINA LAKE NORTH BASIN DEEP CENTRE,50226410
E215758,CHRISTINA LAKE NORTH BASIN DEEP CENTRE,50226410
200078,CHRISTINA L @ CHRISTINA,50226409
200078,CHRISTINA L @ CHRISTINA,50226409
1130218,SLOCAN LAKE; N. END,50227232
1130218,SLOCAN LAKE; N. END,50227232
1130219,SLOCAN LAKE; S. END,50227231
1130219,SLOCAN LAKE; S. END,50227231
603006,NICOLA LK AT DEEPEST PT.,50227359
603006,NICOLA LK AT DEEPEST PT.,50227359
E228889,ADAMS LK OFF BRENNAN CK,50227719
E228889,ADAMS LK OFF BRENNAN CK,50227719
500124,SHUSWAP LK OPPOSITE MARBLE PT.,50227929
500124,SHUSWAP LK OPPOSITE MARBLE PT.,50227929
500123,SHUSWAP LK WEST OF SORRENTO,50227880
500123,SHUSWAP LK WEST OF SORRENTO,50227880
1100844,ELK LAKE; CENTER,50228759
1100844,ELK LAKE; CENTER,50228759
1100844,ELK LAKE; CENTER,50228759
1100844,ELK LAKE; CENTER,50228759
1100844,ELK LAKE; CENTER,50228759
1100953,LANGFORD LAKE; CENTRE,50228772
1100953,LANGFORD LAKE; CENTRE,50228772
E207466,QUAMICHAN LAKE; CENTRE,50228760
E207466,QUAMICHAN LAKE; CENTRE,50228760
E206283,LIZARD LAKE DEEPEST POINT,50228775
E206283,LIZARD LAKE DEEPEST POINT,50228775
1100862,BRANNEN LAKE,50228764
1100862,BRANNEN LAKE,50228764
E217509,COWICHAN LAKE LIMNOLOGY STATION # 3,50228763
E217509,COWICHAN LAKE LIMNOLOGY STATION # 3,50228763
E217508,COWICHAN LAKE LIMNOLOGY STATION # 2,50228762
E217508,COWICHAN LAKE LIMNOLOGY STATION # 2,50228762
E217507,COWICHAN LAKE LIMNOLOGY STATION # 1,50228761
E217507,COWICHAN LAKE LIMNOLOGY STATION # 1,50228761
500454,OKANAGAN L SOUTH PRAIRIE C - OK1 - N SUMMERLAND STP OUTFALL DIFFUSER,50228911
500454,OKANAGAN L SOUTH PRAIRIE C - OK1 - N SUMMERLAND STP OUTFALL DIFFUSER,50228911
500236,OKANAGAN L D/S KELOWNA STP (DEEP),50228902
500236,OKANAGAN L D/S KELOWNA STP (DEEP),50228902
500730,OKANAGAN L NORTH OKANAGAN CENTRE,50228912
500730,OKANAGAN L NORTH OKANAGAN CENTRE,50228912
500453,SKAHA L WEST OKANAGAN R MOUTH,50228915
500453,SKAHA L WEST OKANAGAN R MOUTH,50228915
500846,SKAHA L SOUTH BASIN,50228913
500846,SKAHA L SOUTH BASIN,50228913
500615,SKAHA L OPP. GILLIES,50228914
500615,SKAHA L OPP. GILLIES,50228914
500461,KALAMALKA L SOUTH COLDSTREAM C,50228917
500461,KALAMALKA L SOUTH COLDSTREAM C,50228917
500847,KALAMALKA LAKE DEEP BASIN,50228960
500847,KALAMALKA LAKE DEEP BASIN,50228960
500246,KALAMALKA LAKE SOUTH END,50228916
500246,KALAMALKA LAKE SOUTH END,50228916
500728,OSOYOOS L OPP. MONASHEE CO-OP,50228965
500728,OSOYOOS L OPP. MONASHEE CO-OP,50228965
E220540,OSOYOOS LAKE CENTRAL BASIN,50228966
E220540,OSOYOOS LAKE CENTRAL BASIN,50228966
500248,OSOYOOS L SOUTH BASIN,50228964
500248,OSOYOOS L SOUTH BASIN,50228964
500848,WOOD LAKE DEEP BASIN,50228961
500848,WOOD LAKE DEEP BASIN,50228961
500239,OKANAGAN L CENTRAL ARMSTRONG ARM,50228918
500239,OKANAGAN L CENTRAL ARMSTRONG ARM,50228918
500265,ELLISON LAKE CENTRAL,50228984
500265,ELLISON LAKE CENTRAL,50228984
1132490,BROHM LAKE; MIDLAKE,50229064
1132490,BROHM LAKE; MIDLAKE,50229064
500118,MABEL L @ SOUTH END (PE00173),50228962
500118,MABEL L @ SOUTH END (PE00173),50228962
500117,MABEL L @ TSUIUS CREEK,50228963
500117,MABEL L @ TSUIUS CREEK,50228963
E215758,CHRISTINA LAKE NORTH BASIN DEEP CENTRE,50228982
E215758,CHRISTINA LAKE NORTH BASIN DEEP CENTRE,50228982
200078,CHRISTINA L @ CHRISTINA,50228981
200078,CHRISTINA L @ CHRISTINA,50228981
E206616,LAKELSE LAKE DEEP STATION,50229966
E206616,LAKELSE LAKE DEEP STATION,50229966
E228889,ADAMS LK OFF BRENNAN CK,50230062
E228889,ADAMS LK OFF BRENNAN CK,50230062
E301590,MOYIE LAKE NORTH,50229732
E301591,MOYIE LAKE SOUTH,50229733
603006,NICOLA LK AT DEEPEST PT.,50230038
603006,NICOLA LK AT DEEPEST PT.,50230038
603019,WILLIAMS LAKE AT CENTER,50230152
603019,WILLIAMS LAKE AT CENTER,50230152
E216924,TYHEE LAKE @ DEEP STN,50229975
E216924,TYHEE LAKE @ DEEP STN,50229975
200434,COLUMBIA LAKE; MIDLAKE NORTH,50229731
200434,COLUMBIA LAKE; MIDLAKE NORTH,50229731
1131007,KATHLYN LAKE; NORTHBASIN,50229968
E285689,MARA SOUTH OFF KINGBAKER C,50228980
E285689,MARA SOUTH OFF KINGBAKER C,50228980
1131007,KATHLYN LAKE; NORTHBASIN,50229968
603017,DRAGON LK. AT MIDDLE,50230162
603017,DRAGON LK. AT MIDDLE,50230162
500128,MARA LAKE OPPOSITE FOSSETT,50228979
500128,MARA LAKE OPPOSITE FOSSETT,50228979
200052,WINDERMERE L. OFF TIMBER RIDGE,50229730
200052,WINDERMERE L. OFF TIMBER RIDGE,50229730
500119,SUGAR L @ SITKUM CR.,50228983
500119,SUGAR L @ SITKUM CR.,50228983
500123,SHUSWAP LK WEST OF SORRENTO,50230034
500123,SHUSWAP LK WEST OF SORRENTO,50230034
603100,HORSE LK. AT DEEPEST PT.,50230206
603100,HORSE LK. AT DEEPEST PT.,50230206
500124,SHUSWAP LK OPPOSITE MARBLE PT.,50230044
500124,SHUSWAP LK OPPOSITE MARBLE PT.,50230044
E223304,DIANA LAKE,50226579
E223304,DIANA LAKE,50226579
1130219,SLOCAN LAKE; S. END,50229726
1130219,SLOCAN LAKE; S. END,50229726
1130218,SLOCAN LAKE; N. END,50229701
1130218,SLOCAN LAKE; N. END,50229701
603097,CHIMNEY LK. AT NW END,50230154
603097,CHIMNEY LK. AT NW END,50230154
E303250,PREMIER LAKE (DEEPEST POINT),50229728
E303250,PREMIER LAKE (DEEPEST POINT),50229728
400336,TABOR L DEEP STN -IN SOUTH HALF OF LAKE,50229480
400336,TABOR L DEEP STN -IN SOUTH HALF OF LAKE,50229480
1131186,WHITESWAN LAKE,50229729
803038,PUNTZI LAKE AT CENTRE,50230486
1131186,WHITESWAN LAKE,50229729
803038,PUNTZI LAKE AT CENTRE,50230486
400489,NADSILNICH (WEST) L DEEP STN CENTER N. END,50229440
400502,CLUCULZ L DEEP STN EAST ARM CENTER,50229445
400489,NADSILNICH (WEST) L DEEP STN CENTER N. END,50229440
400502,CLUCULZ L DEEP STN EAST ARM CENTER,50229445
400411,FRASER L NEAR MIDDLE 3 KM E LOT 3229,50229478
400411,FRASER L NEAR MIDDLE 3 KM E LOT 3229,50229478
E105973,FRASER L WEST BASIN DEEP STN,50229479
E105973,FRASER L WEST BASIN DEEP STN,50229479
E206956,STUART LK EAST (MAIN) DEEP STN.,50229443
E206956,STUART LK EAST (MAIN) DEEP STN.,50229443
603071,PENNASK LK NEAR CENTER,50230827
603071,PENNASK LK NEAR CENTER,50230827
1131112,MORICE LAKE; CENTER,50229967
1131112,MORICE LAKE; CENTER,50229967
1130618,BURNS LAKE; DEEP STN #2,50229977
E207907,MOBERLY LAKE DEEP STN.,50229507
E207907,MOBERLY LAKE DEEP STN.,50229507
1130618,BURNS LAKE; DEEP STN #2,50229977
400379,BURNS LAKE NEAR DEADMAN`S ISLAND,50229976
400379,BURNS LAKE NEAR DEADMAN`S ISLAND,50229976
E224946,FRANCOIS LAKE EAST END DEEP STATION,50229973
E224946,FRANCOIS LAKE EAST END DEEP STATION,50229973
400390,CHARLIE L DEEP STATION 1.2 KM EAST OF PARK,50229515
400390,CHARLIE L DEEP STATION 1.2 KM EAST OF PARK,50229515
E224945,FRANCOIS LAKE WEST END DEEP STATION,50229974
E224945,FRANCOIS LAKE WEST END DEEP STATION,50229974
E271703,FRANCOIS LAKE CENTRE DEEP STATION,50229972
E271703,FRANCOIS LAKE CENTRE DEEP STATION,50229972
400935,SWAN L CENTER DEEP STN. 7 M DEPTH,50223972
400935,SWAN L CENTER DEEP STN. 7 M DEPTH,50223972
E275784,ALTA LAKE; NORTH DEEP SITE,50229063
E275784,ALTA LAKE; NORTH DEEP SITE,50229063
1131007,KATHLYN LAKE; NORTHBASIN,50231918
E216924,TYHEE LAKE @ DEEP STN,50231917
1131007,KATHLYN LAKE; NORTHBASIN,50231918
E216924,TYHEE LAKE @ DEEP STN,50231917
E223304,DIANA LAKE,50231924
E223304,DIANA LAKE,50232727
E223304,DIANA LAKE,50231924
E206616,LAKELSE LAKE DEEP STATION,50231925
E206616,LAKELSE LAKE DEEP STATION,50231925
400336,TABOR L DEEP STN -IN SOUTH HALF OF LAKE,50223946
400336,TABOR L DEEP STN -IN SOUTH HALF OF LAKE,50223946
400489,NADSILNICH (WEST) L DEEP STN CENTER N. END,50229441
400489,NADSILNICH (WEST) L DEEP STN CENTER N. END,50229441
E217507,COWICHAN LAKE LIMNOLOGY STATION # 1,50232071
E217509,COWICHAN LAKE LIMNOLOGY STATION # 3,50232069
1100862,BRANNEN LAKE,50232072
1100862,BRANNEN LAKE,50232072
E217508,COWICHAN LAKE LIMNOLOGY STATION # 2,50232070
E217509,COWICHAN LAKE LIMNOLOGY STATION # 3,50232069
E217508,COWICHAN LAKE LIMNOLOGY STATION # 2,50232070
E217507,COWICHAN LAKE LIMNOLOGY STATION # 1,50232071
E207466,QUAMICHAN LAKE; CENTRE,50232076
E206283,LIZARD LAKE DEEPEST POINT,50232078
E207466,QUAMICHAN LAKE; CENTRE,50232076
E206283,LIZARD LAKE DEEPEST POINT,50232078
E207907,MOBERLY LAKE DEEP STN.,50229508
E207907,MOBERLY LAKE DEEP STN.,50229508
1100844,ELK LAKE; CENTER,50232074
1100844,ELK LAKE; CENTER,50232074
1100953,LANGFORD LAKE; CENTRE,50232075
1100953,LANGFORD LAKE; CENTRE,50232075
400390,CHARLIE L DEEP STATION 1.2 KM EAST OF PARK,50229488
400390,CHARLIE L DEEP STATION 1.2 KM EAST OF PARK,50229488
E301590,MOYIE LAKE NORTH,50232218
E301590,MOYIE LAKE NORTH,50232218
E301591,MOYIE LAKE SOUTH,50232208
E301591,MOYIE LAKE SOUTH,50232208
400935,SWAN L CENTER DEEP STN. 7 M DEPTH,50229519
400935,SWAN L CENTER DEEP STN. 7 M DEPTH,50229519
E275463,BAINBRIDGE LAKE; DEEP STN,50232073
E275463,BAINBRIDGE LAKE; DEEP STN,50232073
E303250,PREMIER LAKE (DEEPEST POINT),50232212
E303250,PREMIER LAKE (DEEPEST POINT),50232212
1130618,BURNS LAKE; DEEP STN #2,50231951
1130618,BURNS LAKE; DEEP STN #2,50231951
1131186,WHITESWAN LAKE,50232211
1131186,WHITESWAN LAKE,50232211
400379,BURNS LAKE NEAR DEADMAN`S ISLAND,50231950
400379,BURNS LAKE NEAR DEADMAN`S ISLAND,50231950
E224946,FRANCOIS LAKE EAST END DEEP STATION,50231953
200052,WINDERMERE L. OFF TIMBER RIDGE,50232207
E224946,FRANCOIS LAKE EAST END DEEP STATION,50231953
200052,WINDERMERE L. OFF TIMBER RIDGE,50232207
E224945,FRANCOIS LAKE WEST END DEEP STATION,50231954
E224945,FRANCOIS LAKE WEST END DEEP STATION,50231954
E271703,FRANCOIS LAKE CENTRE DEEP STATION,50231952
200434,COLUMBIA LAKE; MIDLAKE NORTH,50232209
200434,COLUMBIA LAKE; MIDLAKE NORTH,50232209
E271703,FRANCOIS LAKE CENTRE DEEP STATION,50231952
603019,WILLIAMS LAKE AT CENTER,50232387
603019,WILLIAMS LAKE AT CENTER,50232387
400502,CLUCULZ L DEEP STN EAST ARM CENTER,50229486
400502,CLUCULZ L DEEP STN EAST ARM CENTER,50229486
500119,SUGAR L @ SITKUM CR.,50231879
500119,SUGAR L @ SITKUM CR.,50231879
400411,FRASER L NEAR MIDDLE 3 KM E LOT 3229,50229442
400411,FRASER L NEAR MIDDLE 3 KM E LOT 3229,50229442
E105973,FRASER L WEST BASIN DEEP STN,50229481
E105973,FRASER L WEST BASIN DEEP STN,50229481
603097,CHIMNEY LK. AT NW END,50232378
603097,CHIMNEY LK. AT NW END,50232378
603017,DRAGON LK. AT MIDDLE,50232507
603017,DRAGON LK. AT MIDDLE,50232507
603006,NICOLA LK AT DEEPEST PT.,50232531
603006,NICOLA LK AT DEEPEST PT.,50232531
500453,SKAHA L WEST OKANAGAN R MOUTH,50231898
500453,SKAHA L WEST OKANAGAN R MOUTH,50231898
500615,SKAHA L OPP. GILLIES,50231897
500615,SKAHA L OPP. GILLIES,50231897
500846,SKAHA L SOUTH BASIN,50231896
500846,SKAHA L SOUTH BASIN,50231896
1132490,BROHM LAKE; MIDLAKE,50232597
1132490,BROHM LAKE; MIDLAKE,50232597
500454,OKANAGAN L SOUTH PRAIRIE C - OK1 - N SUMMERLAND STP OUTFALL DIFFUSER,50231894
500454,OKANAGAN L SOUTH PRAIRIE C - OK1 - N SUMMERLAND STP OUTFALL DIFFUSER,50231894
E275784,ALTA LAKE; NORTH DEEP SITE,50232596
E275784,ALTA LAKE; NORTH DEEP SITE,50232596
1131112,MORICE LAKE; CENTER,50231949
500236,OKANAGAN L D/S KELOWNA STP (DEEP),50231893
1131112,MORICE LAKE; CENTER,50231949
500236,OKANAGAN L D/S KELOWNA STP (DEEP),50231893
500730,OKANAGAN L NORTH OKANAGAN CENTRE,50231895
500730,OKANAGAN L NORTH OKANAGAN CENTRE,50231895
603071,PENNASK LK NEAR CENTER,50232535
603071,PENNASK LK NEAR CENTER,50232535
500239,OKANAGAN L CENTRAL ARMSTRONG ARM,50231910
500239,OKANAGAN L CENTRAL ARMSTRONG ARM,50231910
E303413,CHILLIWACK LAKE NEAR CENTRE OF THE NORTH 1/2 OF LAKE,50232598
E303413,CHILLIWACK LAKE NEAR CENTRE OF THE NORTH 1/2 OF LAKE,50232598
500461,KALAMALKA L SOUTH COLDSTREAM C,50231901
500461,KALAMALKA L SOUTH COLDSTREAM C,50231901
500847,KALAMALKA LAKE DEEP BASIN,50231902
500847,KALAMALKA LAKE DEEP BASIN,50231902
500246,KALAMALKA LAKE SOUTH END,50231900
500246,KALAMALKA LAKE SOUTH END,50231900
500848,WOOD LAKE DEEP BASIN,50231903
500848,WOOD LAKE DEEP BASIN,50231903
500728,OSOYOOS L OPP. MONASHEE CO-OP,50231907
500728,OSOYOOS L OPP. MONASHEE CO-OP,50231907
E220540,OSOYOOS LAKE CENTRAL BASIN,50231908
E220540,OSOYOOS LAKE CENTRAL BASIN,50231908
500248,OSOYOOS L SOUTH BASIN,50231906
500248,OSOYOOS L SOUTH BASIN,50231906
500265,ELLISON LAKE CENTRAL,50231909
500265,ELLISON LAKE CENTRAL,50231909
1130218,SLOCAN LAKE; N. END,50232215
500118,MABEL L @ SOUTH END (PE00173),50231904
500118,MABEL L @ SOUTH END (PE00173),50231904
1130218,SLOCAN LAKE; N. END,50232215
1130219,SLOCAN LAKE; S. END,50232213
500117,MABEL L @ TSUIUS CREEK,50231905
500117,MABEL L @ TSUIUS CREEK,50231905
1130219,SLOCAN LAKE; S. END,50232213
500128,MARA LAKE OPPOSITE FOSSETT,50231911
500128,MARA LAKE OPPOSITE FOSSETT,50231911
E285689,MARA SOUTH OFF KINGBAKER C,50231912
E285689,MARA SOUTH OFF KINGBAKER C,50231912
803038,PUNTZI LAKE AT CENTRE,50232821
803038,PUNTZI LAKE AT CENTRE,50232821
E215758,CHRISTINA LAKE NORTH BASIN DEEP CENTRE,50231914
E215758,CHRISTINA LAKE NORTH BASIN DEEP CENTRE,50231914
200078,CHRISTINA L @ CHRISTINA,50231913
200078,CHRISTINA L @ CHRISTINA,50231913
E228889,ADAMS LK OFF BRENNAN CK,50233387
E228889,ADAMS LK OFF BRENNAN CK,50233387
500123,SHUSWAP LK WEST OF SORRENTO,50233389
500123,SHUSWAP LK WEST OF SORRENTO,50233389
500124,SHUSWAP LK OPPOSITE MARBLE PT.,50233399
500124,SHUSWAP LK OPPOSITE MARBLE PT.,50233399
E207466,QUAMICHAN LAKE; CENTRE,50234470
E207466,QUAMICHAN LAKE; CENTRE,50234470
1100862,BRANNEN LAKE,50234469
1100862,BRANNEN LAKE,50234469
E275463,BAINBRIDGE LAKE; DEEP STN,50234496
E275463,BAINBRIDGE LAKE; DEEP STN,50234496
1100953,LANGFORD LAKE; CENTRE,50234498
1100953,LANGFORD LAKE; CENTRE,50234498
1100844,ELK LAKE; CENTER,50234497
1100844,ELK LAKE; CENTER,50234497
E206283,LIZARD LAKE DEEPEST POINT,50234499
E206283,LIZARD LAKE DEEPEST POINT,50234499
500454,OKANAGAN L SOUTH PRAIRIE C - OK1 - N SUMMERLAND STP OUTFALL DIFFUSER,50234487
500454,OKANAGAN L SOUTH PRAIRIE C - OK1 - N SUMMERLAND STP OUTFALL DIFFUSER,50234487
E217509,COWICHAN LAKE LIMNOLOGY STATION # 3,50234993
E217509,COWICHAN LAKE LIMNOLOGY STATION # 3,50234993
500236,OKANAGAN L D/S KELOWNA STP (DEEP),50234468
E217508,COWICHAN LAKE LIMNOLOGY STATION # 2,50234992
E217508,COWICHAN LAKE LIMNOLOGY STATION # 2,50234992
500236,OKANAGAN L D/S KELOWNA STP (DEEP),50234468
E217507,COWICHAN LAKE LIMNOLOGY STATION # 1,50234991
E217507,COWICHAN LAKE LIMNOLOGY STATION # 1,50234991
500453,SKAHA L WEST OKANAGAN R MOUTH,50234492
500453,SKAHA L WEST OKANAGAN R MOUTH,50234492
500615,SKAHA L OPP. GILLIES,50234490
500615,SKAHA L OPP. GILLIES,50234490
500730,OKANAGAN L NORTH OKANAGAN CENTRE,50234488
500730,OKANAGAN L NORTH OKANAGAN CENTRE,50234488
500846,SKAHA L SOUTH BASIN,50234491
500846,SKAHA L SOUTH BASIN,50234491
500461,KALAMALKA L SOUTH COLDSTREAM C,50234495
500461,KALAMALKA L SOUTH COLDSTREAM C,50234495
500847,KALAMALKA LAKE DEEP BASIN,50234494
500847,KALAMALKA LAKE DEEP BASIN,50234494
500246,KALAMALKA LAKE SOUTH END,50234493
500246,KALAMALKA LAKE SOUTH END,50234493
500728,OSOYOOS L OPP. MONASHEE CO-OP,50234474
500728,OSOYOOS L OPP. MONASHEE CO-OP,50234474
E220540,OSOYOOS LAKE CENTRAL BASIN,50234476
E220540,OSOYOOS LAKE CENTRAL BASIN,50234476
500248,OSOYOOS L SOUTH BASIN,50234475
500248,OSOYOOS L SOUTH BASIN,50234475
500124,SHUSWAP LK OPPOSITE MARBLE PT.,50235511
500124,SHUSWAP LK OPPOSITE MARBLE PT.,50235511
500117,MABEL L @ TSUIUS CREEK,50234473
500117,MABEL L @ TSUIUS CREEK,50234473
500118,MABEL L @ SOUTH END (PE00173),50234472
500118,MABEL L @ SOUTH END (PE00173),50234472
1132490,BROHM LAKE; MIDLAKE,50235627
1132490,BROHM LAKE; MIDLAKE,50235627
500265,ELLISON LAKE CENTRAL,50234477
500265,ELLISON LAKE CENTRAL,50234477
500848,WOOD LAKE DEEP BASIN,50234471
500848,WOOD LAKE DEEP BASIN,50234471
E215758,CHRISTINA LAKE NORTH BASIN DEEP CENTRE,50234481
E215758,CHRISTINA LAKE NORTH BASIN DEEP CENTRE,50234481
200078,CHRISTINA L @ CHRISTINA,50234482
200078,CHRISTINA L @ CHRISTINA,50234482
500239,OKANAGAN L CENTRAL ARMSTRONG ARM,50234489
500239,OKANAGAN L CENTRAL ARMSTRONG ARM,50234489
500128,MARA LAKE OPPOSITE FOSSETT,50234478
500128,MARA LAKE OPPOSITE FOSSETT,50234478
E285689,MARA SOUTH OFF KINGBAKER C,50234479
E285689,MARA SOUTH OFF KINGBAKER C,50234479
603019,WILLIAMS LAKE AT CENTER,50236072
603019,WILLIAMS LAKE AT CENTER,50236072
1130218,SLOCAN LAKE; N. END,50235900
1130218,SLOCAN LAKE; N. END,50235900
1130219,SLOCAN LAKE; S. END,50235901
1130219,SLOCAN LAKE; S. END,50235901
603006,NICOLA LK AT DEEPEST PT.,50235912
E301591,MOYIE LAKE SOUTH,50236028
603006,NICOLA LK AT DEEPEST PT.,50235912
E301591,MOYIE LAKE SOUTH,50236028
E301590,MOYIE LAKE NORTH,50236027
E301590,MOYIE LAKE NORTH,50236027
500119,SUGAR L @ SITKUM CR.,50234480
500119,SUGAR L @ SITKUM CR.,50234480
500123,SHUSWAP LK WEST OF SORRENTO,50235908
500123,SHUSWAP LK WEST OF SORRENTO,50235908
E228889,ADAMS LK OFF BRENNAN CK,50235909
E228889,ADAMS LK OFF BRENNAN CK,50235909
E303250,PREMIER LAKE (DEEPEST POINT),50236047
E303250,PREMIER LAKE (DEEPEST POINT),50236047
603017,DRAGON LK. AT MIDDLE,50236069
603017,DRAGON LK. AT MIDDLE,50236069
400336,TABOR L DEEP STN -IN SOUTH HALF OF LAKE,50234547
400336,TABOR L DEEP STN -IN SOUTH HALF OF LAKE,50234547
400489,NADSILNICH (WEST) L DEEP STN CENTER N. END,50234548
400489,NADSILNICH (WEST) L DEEP STN CENTER N. END,50234548
E206616,LAKELSE LAKE DEEP STATION,50236248
E206616,LAKELSE LAKE DEEP STATION,50236248
1131186,WHITESWAN LAKE,50236048
1131186,WHITESWAN LAKE,50236048
E223304,DIANA LAKE,50236247
603097,CHIMNEY LK. AT NW END,50236068
E223304,DIANA LAKE,50236247
603097,CHIMNEY LK. AT NW END,50236068
400502,CLUCULZ L DEEP STN EAST ARM CENTER,50234568
400502,CLUCULZ L DEEP STN EAST ARM CENTER,50234568
603100,HORSE LK. AT DEEPEST PT.,50236070
603100,HORSE LK. AT DEEPEST PT.,50236070
E275784,ALTA LAKE; NORTH DEEP SITE,50236347
E275784,ALTA LAKE; NORTH DEEP SITE,50236347
E206956,STUART LK EAST (MAIN) DEEP STN.,50234569
E206956,STUART LK EAST (MAIN) DEEP STN.,50234569
E216924,TYHEE LAKE @ DEEP STN,50236253
E216924,TYHEE LAKE @ DEEP STN,50236253
1131007,KATHLYN LAKE; NORTHBASIN,50236252
E303413,CHILLIWACK LAKE NEAR CENTRE OF THE NORTH 1/2 OF LAKE,50236467
E303413,CHILLIWACK LAKE NEAR CENTRE OF THE NORTH 1/2 OF LAKE,50236467
803038,PUNTZI LAKE AT CENTRE,50236071
1131007,KATHLYN LAKE; NORTHBASIN,50236252
400411,FRASER L NEAR MIDDLE 3 KM E LOT 3229,50234549
400411,FRASER L NEAR MIDDLE 3 KM E LOT 3229,50234549
803038,PUNTZI LAKE AT CENTRE,50236071
E105973,FRASER L WEST BASIN DEEP STN,50234550
E105973,FRASER L WEST BASIN DEEP STN,50234550
300037,CULTUS LAKE AT CENTRE,50236468
300037,CULTUS LAKE AT CENTRE,50236468
200052,WINDERMERE L. OFF TIMBER RIDGE,50236030
200052,WINDERMERE L. OFF TIMBER RIDGE,50236030
E224946,FRANCOIS LAKE EAST END DEEP STATION,50236428
E224946,FRANCOIS LAKE EAST END DEEP STATION,50236428
200434,COLUMBIA LAKE; MIDLAKE NORTH,50236029
200434,COLUMBIA LAKE; MIDLAKE NORTH,50236029
E262699,BOWRON LAKE @ DEEPEST PT.,50236367
603071,PENNASK LK NEAR CENTER,50235913
E262699,BOWRON LAKE @ DEEPEST PT.,50236367
603071,PENNASK LK NEAR CENTER,50235913
1130618,BURNS LAKE; DEEP STN #2,50236550
1130618,BURNS LAKE; DEEP STN #2,50236550
400379,BURNS LAKE NEAR DEADMAN`S ISLAND,50236551
400379,BURNS LAKE NEAR DEADMAN`S ISLAND,50236551
E224945,FRANCOIS LAKE WEST END DEEP STATION,50236568
E224945,FRANCOIS LAKE WEST END DEEP STATION,50236568
E271703,FRANCOIS LAKE CENTRE DEEP STATION,50236548
E271703,FRANCOIS LAKE CENTRE DEEP STATION,50236548
E206955,NALTESBY LK. DEEP STN. NEAR MAIN ISLAND,50234553
E206955,NALTESBY LK. DEEP STN. NEAR MAIN ISLAND,50234553
E207907,MOBERLY LAKE DEEP STN.,50234570
E207907,MOBERLY LAKE DEEP STN.,50234570
400390,CHARLIE L DEEP STATION 1.2 KM EAST OF PARK,50234551
400390,CHARLIE L DEEP STATION 1.2 KM EAST OF PARK,50234551
400935,SWAN L CENTER DEEP STN. 7 M DEPTH,50234575
400935,SWAN L CENTER DEEP STN. 7 M DEPTH,50234575
E206955,NALTESBY LK. DEEP STN. NEAR MAIN ISLAND,50234576
E206955,NALTESBY LK. DEEP STN. NEAR MAIN ISLAND,50234576
803038,PUNTZI LAKE AT CENTRE,50237871
803038,PUNTZI LAKE AT CENTRE,50237871
E207907,MOBERLY LAKE DEEP STN.,50234579
E207907,MOBERLY LAKE DEEP STN.,50234579
300037,CULTUS LAKE AT CENTRE,50237834
300037,CULTUS LAKE AT CENTRE,50237834
400390,CHARLIE L DEEP STATION 1.2 KM EAST OF PARK,50234580
400390,CHARLIE L DEEP STATION 1.2 KM EAST OF PARK,50234580
E262699,BOWRON LAKE @ DEEPEST PT.,50237872
E303413,CHILLIWACK LAKE NEAR CENTRE OF THE NORTH 1/2 OF LAKE,50237833
E262699,BOWRON LAKE @ DEEPEST PT.,50237872
E303413,CHILLIWACK LAKE NEAR CENTRE OF THE NORTH 1/2 OF LAKE,50237833
603100,HORSE LK. AT DEEPEST PT.,50237870
603006,NICOLA LK AT DEEPEST PT.,50237839
603100,HORSE LK. AT DEEPEST PT.,50237870
603006,NICOLA LK AT DEEPEST PT.,50237839
603071,PENNASK LK NEAR CENTER,50237838
603071,PENNASK LK NEAR CENTER,50237838
400336,TABOR L DEEP STN -IN SOUTH HALF OF LAKE,50234554
400336,TABOR L DEEP STN -IN SOUTH HALF OF LAKE,50234554
400489,NADSILNICH (WEST) L DEEP STN CENTER N. END,50234555
400489,NADSILNICH (WEST) L DEEP STN CENTER N. END,50234555
500119,SUGAR L @ SITKUM CR.,50237794
500119,SUGAR L @ SITKUM CR.,50237794
603017,DRAGON LK. AT MIDDLE,50237514
603017,DRAGON LK. AT MIDDLE,50237514
E207466,QUAMICHAN LAKE; CENTRE,50237720
E207466,QUAMICHAN LAKE; CENTRE,50237720
603097,CHIMNEY LK. AT NW END,50237869
603097,CHIMNEY LK. AT NW END,50237869
603019,WILLIAMS LAKE AT CENTER,50237868
603019,WILLIAMS LAKE AT CENTER,50237868
E206283,LIZARD LAKE DEEPEST POINT,50237721
E206283,LIZARD LAKE DEEPEST POINT,50237721
1100862,BRANNEN LAKE,50237714
1100862,BRANNEN LAKE,50237714
400502,CLUCULZ L DEEP STN EAST ARM CENTER,50234577
400502,CLUCULZ L DEEP STN EAST ARM CENTER,50234577
E275463,BAINBRIDGE LAKE; DEEP STN,50237415
E275463,BAINBRIDGE LAKE; DEEP STN,50237415
E223304,DIANA LAKE,50237897
E223304,DIANA LAKE,50237897
E217509,COWICHAN LAKE LIMNOLOGY STATION # 3,50237717
E217509,COWICHAN LAKE LIMNOLOGY STATION # 3,50237717
E105973,FRASER L WEST BASIN DEEP STN,50234588
E105973,FRASER L WEST BASIN DEEP STN,50234588
400411,FRASER L NEAR MIDDLE 3 KM E LOT 3229,50234587
E217508,COWICHAN LAKE LIMNOLOGY STATION # 2,50237716
400411,FRASER L NEAR MIDDLE 3 KM E LOT 3229,50234587
E217508,COWICHAN LAKE LIMNOLOGY STATION # 2,50237716
E217507,COWICHAN LAKE LIMNOLOGY STATION # 1,50237715
E217507,COWICHAN LAKE LIMNOLOGY STATION # 1,50237715
E206616,LAKELSE LAKE DEEP STATION,50237893
E206616,LAKELSE LAKE DEEP STATION,50237893
1100953,LANGFORD LAKE; CENTRE,50237719
1100953,LANGFORD LAKE; CENTRE,50237719
1100844,ELK LAKE; CENTER,50237718
1100844,ELK LAKE; CENTER,50237718
E216924,TYHEE LAKE @ DEEP STN,50237895
E216924,TYHEE LAKE @ DEEP STN,50237895
1131007,KATHLYN LAKE; NORTHBASIN,50237894
1131007,KATHLYN LAKE; NORTHBASIN,50237894
200052,WINDERMERE L. OFF TIMBER RIDGE,50237863
200052,WINDERMERE L. OFF TIMBER RIDGE,50237863
200434,COLUMBIA LAKE; MIDLAKE NORTH,50237860
200434,COLUMBIA LAKE; MIDLAKE NORTH,50237860
500453,SKAHA L WEST OKANAGAN R MOUTH,50237799
500453,SKAHA L WEST OKANAGAN R MOUTH,50237799
500615,SKAHA L OPP. GILLIES,50237798
500615,SKAHA L OPP. GILLIES,50237798
1131186,WHITESWAN LAKE,50237867
500846,SKAHA L SOUTH BASIN,50237797
1131186,WHITESWAN LAKE,50237867
500846,SKAHA L SOUTH BASIN,50237797
E206956,STUART LK EAST (MAIN) DEEP STN.,50234578
E206956,STUART LK EAST (MAIN) DEEP STN.,50234578
500454,OKANAGAN L SOUTH PRAIRIE C - OK1 - N SUMMERLAND STP OUTFALL DIFFUSER,50237796
500454,OKANAGAN L SOUTH PRAIRIE C - OK1 - N SUMMERLAND STP OUTFALL DIFFUSER,50237796
E303250,PREMIER LAKE (DEEPEST POINT),50237866
E303250,PREMIER LAKE (DEEPEST POINT),50237866
500236,OKANAGAN L D/S KELOWNA STP (DEEP),50237795
500236,OKANAGAN L D/S KELOWNA STP (DEEP),50237795
E224946,FRANCOIS LAKE EAST END DEEP STATION,50237513
E224946,FRANCOIS LAKE EAST END DEEP STATION,50237513
E301590,MOYIE LAKE NORTH,50237864
E301590,MOYIE LAKE NORTH,50237864
E301591,MOYIE LAKE SOUTH,50237865
E301591,MOYIE LAKE SOUTH,50237865
500461,KALAMALKA L SOUTH COLDSTREAM C,50237806
500461,KALAMALKA L SOUTH COLDSTREAM C,50237806
500847,KALAMALKA LAKE DEEP BASIN,50237805
500847,KALAMALKA LAKE DEEP BASIN,50237805
500246,KALAMALKA LAKE SOUTH END,50237804
500246,KALAMALKA LAKE SOUTH END,50237804
500848,WOOD LAKE DEEP BASIN,50237813
500848,WOOD LAKE DEEP BASIN,50237813
500239,OKANAGAN L CENTRAL ARMSTRONG ARM,50237816
500239,OKANAGAN L CENTRAL ARMSTRONG ARM,50237816
500730,OKANAGAN L NORTH OKANAGAN CENTRE,50237803
500730,OKANAGAN L NORTH OKANAGAN CENTRE,50237803
500728,OSOYOOS L OPP. MONASHEE CO-OP,50237802
500728,OSOYOOS L OPP. MONASHEE CO-OP,50237802
E220540,OSOYOOS LAKE CENTRAL BASIN,50237801
E220540,OSOYOOS LAKE CENTRAL BASIN,50237801
500248,OSOYOOS L SOUTH BASIN,50237800
500248,OSOYOOS L SOUTH BASIN,50237800
500265,ELLISON LAKE CENTRAL,50237822
500265,ELLISON LAKE CENTRAL,50237822
500118,MABEL L @ SOUTH END (PE00173),50237815
500118,MABEL L @ SOUTH END (PE00173),50237815
500117,MABEL L @ TSUIUS CREEK,50237814
500117,MABEL L @ TSUIUS CREEK,50237814
500128,MARA LAKE OPPOSITE FOSSETT,50237817
500128,MARA LAKE OPPOSITE FOSSETT,50237817
E285689,MARA SOUTH OFF KINGBAKER C,50237818
E285689,MARA SOUTH OFF KINGBAKER C,50237818
500124,SHUSWAP LK OPPOSITE MARBLE PT.,50237836
500124,SHUSWAP LK OPPOSITE MARBLE PT.,50237836
400379,BURNS LAKE NEAR DEADMAN`S ISLAND,50237507
400379,BURNS LAKE NEAR DEADMAN`S ISLAND,50237507
E228889,ADAMS LK OFF BRENNAN CK,50237837
E228889,ADAMS LK OFF BRENNAN CK,50237837
1130618,BURNS LAKE; DEEP STN #2,50237508
1130618,BURNS LAKE; DEEP STN #2,50237508
500123,SHUSWAP LK WEST OF SORRENTO,50237835
500123,SHUSWAP LK WEST OF SORRENTO,50237835
E224945,FRANCOIS LAKE WEST END DEEP STATION,50237506
E224945,FRANCOIS LAKE WEST END DEEP STATION,50237506
E271703,FRANCOIS LAKE CENTRE DEEP STATION,50237506
E271703,FRANCOIS LAKE CENTRE DEEP STATION,50237506
E215758,CHRISTINA LAKE NORTH BASIN DEEP CENTRE,50237820
E215758,CHRISTINA LAKE NORTH BASIN DEEP CENTRE,50237820
200078,CHRISTINA L @ CHRISTINA,50237819
200078,CHRISTINA L @ CHRISTINA,50237819
1130218,SLOCAN LAKE; N. END,50237823
1130218,SLOCAN LAKE; N. END,50237823
1130219,SLOCAN LAKE; S. END,50237824
1130219,SLOCAN LAKE; S. END,50237824
E206283,LIZARD LAKE DEEPEST POINT,50240981
E206283,LIZARD LAKE DEEPEST POINT,50240981
1100844,ELK LAKE; CENTER,50240978
1100844,ELK LAKE; CENTER,50240978
1100953,LANGFORD LAKE; CENTRE,50240979
1100953,LANGFORD LAKE; CENTRE,50240979
E207466,QUAMICHAN LAKE; CENTRE,50240980
E207466,QUAMICHAN LAKE; CENTRE,50240980
500454,OKANAGAN L SOUTH PRAIRIE C - OK1 - N SUMMERLAND STP OUTFALL DIFFUSER,50241277
500454,OKANAGAN L SOUTH PRAIRIE C - OK1 - N SUMMERLAND STP OUTFALL DIFFUSER,50241277
500236,OKANAGAN L D/S KELOWNA STP (DEEP),50241276
500236,OKANAGAN L D/S KELOWNA STP (DEEP),50241276
1100862,BRANNEN LAKE,50240974
1100862,BRANNEN LAKE,50240974
E275463,BAINBRIDGE LAKE; DEEP STN,50240973
E275463,BAINBRIDGE LAKE; DEEP STN,50240973
500730,OKANAGAN L NORTH OKANAGAN CENTRE,50241278
500730,OKANAGAN L NORTH OKANAGAN CENTRE,50241278
E217507,COWICHAN LAKE LIMNOLOGY STATION # 1,50240975
E217509,COWICHAN LAKE LIMNOLOGY STATION # 3,50240977
E217507,COWICHAN LAKE LIMNOLOGY STATION # 1,50240975
E217509,COWICHAN LAKE LIMNOLOGY STATION # 3,50240977
E217508,COWICHAN LAKE LIMNOLOGY STATION # 2,50240976
E217508,COWICHAN LAKE LIMNOLOGY STATION # 2,50240976
500453,SKAHA L WEST OKANAGAN R MOUTH,50241281
500453,SKAHA L WEST OKANAGAN R MOUTH,50241281
500615,SKAHA L OPP. GILLIES,50241280
500615,SKAHA L OPP. GILLIES,50241280
1132490,BROHM LAKE; MIDLAKE,50241376
1132490,BROHM LAKE; MIDLAKE,50241376
500728,OSOYOOS L OPP. MONASHEE CO-OP,50241320
500728,OSOYOOS L OPP. MONASHEE CO-OP,50241320
E220540,OSOYOOS LAKE CENTRAL BASIN,50241321
E220540,OSOYOOS LAKE CENTRAL BASIN,50241321
500248,OSOYOOS L SOUTH BASIN,50241319
500248,OSOYOOS L SOUTH BASIN,50241319
500846,SKAHA L SOUTH BASIN,50241279
500846,SKAHA L SOUTH BASIN,50241279
500461,KALAMALKA L SOUTH COLDSTREAM C,50241314
500461,KALAMALKA L SOUTH COLDSTREAM C,50241314
500847,KALAMALKA LAKE DEEP BASIN,50241315
500847,KALAMALKA LAKE DEEP BASIN,50241315
500246,KALAMALKA LAKE SOUTH END,50241313
500246,KALAMALKA LAKE SOUTH END,50241313
300037,CULTUS LAKE AT CENTRE,50241374
300037,CULTUS LAKE AT CENTRE,50241374
E303413,CHILLIWACK LAKE NEAR CENTRE OF THE NORTH 1/2 OF LAKE,50241373
E303413,CHILLIWACK LAKE NEAR CENTRE OF THE NORTH 1/2 OF LAKE,50241373
500265,ELLISON LAKE CENTRAL,50241322
500265,ELLISON LAKE CENTRAL,50241322
500118,MABEL L @ SOUTH END (PE00173),50241317
500118,MABEL L @ SOUTH END (PE00173),50241317
500117,MABEL L @ TSUIUS CREEK,50241318
500117,MABEL L @ TSUIUS CREEK,50241318
500123,SHUSWAP LK WEST OF SORRENTO,50241333
500123,SHUSWAP LK WEST OF SORRENTO,50241333
500124,SHUSWAP LK OPPOSITE MARBLE PT.,50241334
500124,SHUSWAP LK OPPOSITE MARBLE PT.,50241334
500848,WOOD LAKE DEEP BASIN,50241316
500848,WOOD LAKE DEEP BASIN,50241316
500239,OKANAGAN L CENTRAL ARMSTRONG ARM,50241323
500239,OKANAGAN L CENTRAL ARMSTRONG ARM,50241323
603006,NICOLA LK AT DEEPEST PT.,50241337
603006,NICOLA LK AT DEEPEST PT.,50241337
E215758,CHRISTINA LAKE NORTH BASIN DEEP CENTRE,50241327
E215758,CHRISTINA LAKE NORTH BASIN DEEP CENTRE,50241327
200078,CHRISTINA L @ CHRISTINA,50241326
200078,CHRISTINA L @ CHRISTINA,50241326
1130218,SLOCAN LAKE; N. END,50241395
1130218,SLOCAN LAKE; N. END,50241395
1130219,SLOCAN LAKE; S. END,50241396
1130219,SLOCAN LAKE; S. END,50241396
200052,WINDERMERE L. OFF TIMBER RIDGE,50241729
200052,WINDERMERE L. OFF TIMBER RIDGE,50241729
200434,COLUMBIA LAKE; MIDLAKE NORTH,50241726
200434,COLUMBIA LAKE; MIDLAKE NORTH,50241726
E301590,MOYIE LAKE NORTH,50241730
E301590,MOYIE LAKE NORTH,50241730
E301591,MOYIE LAKE SOUTH,50241731
E301591,MOYIE LAKE SOUTH,50241731
603019,WILLIAMS LAKE AT CENTER,50241748
500128,MARA LAKE OPPOSITE FOSSETT,50241324
603019,WILLIAMS LAKE AT CENTER,50241748
500128,MARA LAKE OPPOSITE FOSSETT,50241324
E285689,MARA SOUTH OFF KINGBAKER C,50241325
E285689,MARA SOUTH OFF KINGBAKER C,50241325
E228889,ADAMS LK OFF BRENNAN CK,50241335
E228889,ADAMS LK OFF BRENNAN CK,50241335
500119,SUGAR L @ SITKUM CR.,50241328
500119,SUGAR L @ SITKUM CR.,50241328
603097,CHIMNEY LK. AT NW END,50241745
603097,CHIMNEY LK. AT NW END,50241745
E216924,TYHEE LAKE @ DEEP STN,50241741
E216924,TYHEE LAKE @ DEEP STN,50241741
E303250,PREMIER LAKE (DEEPEST POINT),50241398
E303250,PREMIER LAKE (DEEPEST POINT),50241398
1131186,WHITESWAN LAKE,50241397
1131186,WHITESWAN LAKE,50241397
603100,HORSE LK. AT DEEPEST PT.,50241746
603017,DRAGON LK. AT MIDDLE,50241242
603017,DRAGON LK. AT MIDDLE,50241242
603100,HORSE LK. AT DEEPEST PT.,50241746
E223304,DIANA LAKE,50241737
E223304,DIANA LAKE,50241737
E206616,LAKELSE LAKE DEEP STATION,50241739
E206616,LAKELSE LAKE DEEP STATION,50241739
803038,PUNTZI LAKE AT CENTRE,50241747
803038,PUNTZI LAKE AT CENTRE,50241747
E275784,ALTA LAKE; NORTH DEEP SITE,50241375
E275784,ALTA LAKE; NORTH DEEP SITE,50241375
400489,NADSILNICH (WEST) L DEEP STN CENTER N. END,50241274
400489,NADSILNICH (WEST) L DEEP STN CENTER N. END,50241274
400336,TABOR L DEEP STN -IN SOUTH HALF OF LAKE,50241259
400336,TABOR L DEEP STN -IN SOUTH HALF OF LAKE,50241259
1131007,KATHLYN LAKE; NORTHBASIN,50241738
1131007,KATHLYN LAKE; NORTHBASIN,50241738
E206955,NALTESBY LK. DEEP STN. NEAR MAIN ISLAND,50241255
E206955,NALTESBY LK. DEEP STN. NEAR MAIN ISLAND,50241255
E206956,STUART LK EAST (MAIN) DEEP STN.,50241077
E206956,STUART LK EAST (MAIN) DEEP STN.,50241077
603071,PENNASK LK NEAR CENTER,50241336
603071,PENNASK LK NEAR CENTER,50241336
E262699,BOWRON LAKE @ DEEPEST PT.,50241749
E262699,BOWRON LAKE @ DEEPEST PT.,50241749
E105973,FRASER L WEST BASIN DEEP STN,50241094
E105973,FRASER L WEST BASIN DEEP STN,50241094
400411,FRASER L NEAR MIDDLE 3 KM E LOT 3229,50241093
400411,FRASER L NEAR MIDDLE 3 KM E LOT 3229,50241093
400502,CLUCULZ L DEEP STN EAST ARM CENTER,50241076
400502,CLUCULZ L DEEP STN EAST ARM CENTER,50241076
E224946,FRANCOIS LAKE EAST END DEEP STATION,50241082
E224946,FRANCOIS LAKE EAST END DEEP STATION,50241082
E224945,FRANCOIS LAKE WEST END DEEP STATION,50241083
E224945,FRANCOIS LAKE WEST END DEEP STATION,50241083
E271703,FRANCOIS LAKE CENTRE DEEP STATION,50241218
E271703,FRANCOIS LAKE CENTRE DEEP STATION,50241218
1130618,BURNS LAKE; DEEP STN #2,50241219
1130618,BURNS LAKE; DEEP STN #2,50241219
400379,BURNS LAKE NEAR DEADMAN`S ISLAND,50241220
400379,BURNS LAKE NEAR DEADMAN`S ISLAND,50241220
E207907,MOBERLY LAKE DEEP STN.,50241079
E207907,MOBERLY LAKE DEEP STN.,50241079
400390,CHARLIE L DEEP STATION 1.2 KM EAST OF PARK,50241096
400390,CHARLIE L DEEP STATION 1.2 KM EAST OF PARK,50241096
400935,SWAN L CENTER DEEP STN. 7 M DEPTH,50241253
400935,SWAN L CENTER DEEP STN. 7 M DEPTH,50241253
1131112,MORICE LAKE; CENTER,50241740
1131112,MORICE LAKE; CENTER,50241740
803038,PUNTZI LAKE AT CENTRE,50243724
803038,PUNTZI LAKE AT CENTRE,50243724
E224946,FRANCOIS LAKE EAST END DEEP STATION,50241217
E224946,FRANCOIS LAKE EAST END DEEP STATION,50241217
E224945,FRANCOIS LAKE WEST END DEEP STATION,50241243
E224945,FRANCOIS LAKE WEST END DEEP STATION,50241243
E262699,BOWRON LAKE @ DEEPEST PT.,50243726
E271703,FRANCOIS LAKE CENTRE DEEP STATION,50241097
E271703,FRANCOIS LAKE CENTRE DEEP STATION,50241097
E262699,BOWRON LAKE @ DEEPEST PT.,50243726
1130618,BURNS LAKE; DEEP STN #2,50241081
1130618,BURNS LAKE; DEEP STN #2,50241081
400379,BURNS LAKE NEAR DEADMAN`S ISLAND,50241080
400379,BURNS LAKE NEAR DEADMAN`S ISLAND,50241080
603071,PENNASK LK NEAR CENTER,50243843
603071,PENNASK LK NEAR CENTER,50243843
400489,NADSILNICH (WEST) L DEEP STN CENTER N. END,50241074
400489,NADSILNICH (WEST) L DEEP STN CENTER N. END,50241074
400336,TABOR L DEEP STN -IN SOUTH HALF OF LAKE,50241075
400336,TABOR L DEEP STN -IN SOUTH HALF OF LAKE,50241075
603017,DRAGON LK. AT MIDDLE,50241084
603017,DRAGON LK. AT MIDDLE,50241084
300037,CULTUS LAKE AT CENTRE,50243844
300037,CULTUS LAKE AT CENTRE,50243844
E223304,DIANA LAKE,50243711
E223304,DIANA LAKE,50243711
E303413,CHILLIWACK LAKE NEAR CENTRE OF THE NORTH 1/2 OF LAKE,50243845
E303413,CHILLIWACK LAKE NEAR CENTRE OF THE NORTH 1/2 OF LAKE,50243845
E206616,LAKELSE LAKE DEEP STATION,50243718
E206616,LAKELSE LAKE DEEP STATION,50243718
400390,CHARLIE L DEEP STATION 1.2 KM EAST OF PARK,50241221
400390,CHARLIE L DEEP STATION 1.2 KM EAST OF PARK,50241221
603006,NICOLA LK AT DEEPEST PT.,50243846
603006,NICOLA LK AT DEEPEST PT.,50243846
400935,SWAN L CENTER DEEP STN. 7 M DEPTH,50241095
400935,SWAN L CENTER DEEP STN. 7 M DEPTH,50241095
E207466,QUAMICHAN LAKE; CENTRE,50244330
E207466,QUAMICHAN LAKE; CENTRE,50244330
E206283,LIZARD LAKE DEEPEST POINT,50244331
E206283,LIZARD LAKE DEEPEST POINT,50244331
1100953,LANGFORD LAKE; CENTRE,50244329
1100953,LANGFORD LAKE; CENTRE,50244329
200052,WINDERMERE L. OFF TIMBER RIDGE,50244314
200052,WINDERMERE L. OFF TIMBER RIDGE,50244314
1100844,ELK LAKE; CENTER,50244328
E206956,STUART LK EAST (MAIN) DEEP STN.,50241273
1100844,ELK LAKE; CENTER,50244328
E206956,STUART LK EAST (MAIN) DEEP STN.,50241273
1131186,WHITESWAN LAKE,50244318
1131186,WHITESWAN LAKE,50244318
E217508,COWICHAN LAKE LIMNOLOGY STATION # 2,50244326
E217508,COWICHAN LAKE LIMNOLOGY STATION # 2,50244326
200434,COLUMBIA LAKE; MIDLAKE NORTH,50244313
200434,COLUMBIA LAKE; MIDLAKE NORTH,50244313
E217507,COWICHAN LAKE LIMNOLOGY STATION # 1,50244325
E217509,COWICHAN LAKE LIMNOLOGY STATION # 3,50244327
E217509,COWICHAN LAKE LIMNOLOGY STATION # 3,50244327
E217507,COWICHAN LAKE LIMNOLOGY STATION # 1,50244325
1100862,BRANNEN LAKE,50244324
1100862,BRANNEN LAKE,50244324
E301590,MOYIE LAKE NORTH,50244315
E301590,MOYIE LAKE NORTH,50244315
E275463,BAINBRIDGE LAKE; DEEP STN,50244323
E275463,BAINBRIDGE LAKE; DEEP STN,50244323
400502,CLUCULZ L DEEP STN EAST ARM CENTER,50241258
400502,CLUCULZ L DEEP STN EAST ARM CENTER,50241258
E301591,MOYIE LAKE SOUTH,50244316
E301591,MOYIE LAKE SOUTH,50244316
1132490,BROHM LAKE; MIDLAKE,50243848
1132490,BROHM LAKE; MIDLAKE,50243848
E275784,ALTA LAKE; NORTH DEEP SITE,50243847
E275784,ALTA LAKE; NORTH DEEP SITE,50243847
E303250,PREMIER LAKE (DEEPEST POINT),50244317
E303250,PREMIER LAKE (DEEPEST POINT),50244317
500119,SUGAR L @ SITKUM CR.,50243849
500119,SUGAR L @ SITKUM CR.,50243849
500453,SKAHA L WEST OKANAGAN R MOUTH,50243842
500453,SKAHA L WEST OKANAGAN R MOUTH,50243842
500615,SKAHA L OPP. GILLIES,50243841
E216924,TYHEE LAKE @ DEEP STN,50243720
E216924,TYHEE LAKE @ DEEP STN,50243720
500615,SKAHA L OPP. GILLIES,50243841
500846,SKAHA L SOUTH BASIN,50243840
500846,SKAHA L SOUTH BASIN,50243840
500236,OKANAGAN L D/S KELOWNA STP (DEEP),50243837
500236,OKANAGAN L D/S KELOWNA STP (DEEP),50243837
500454,OKANAGAN L SOUTH PRAIRIE C - OK1 - N SUMMERLAND STP OUTFALL DIFFUSER,50243838
500454,OKANAGAN L SOUTH PRAIRIE C - OK1 - N SUMMERLAND STP OUTFALL DIFFUSER,50243838
500730,OKANAGAN L NORTH OKANAGAN CENTRE,50243839
500730,OKANAGAN L NORTH OKANAGAN CENTRE,50243839
500239,OKANAGAN L CENTRAL ARMSTRONG ARM,50243916
500239,OKANAGAN L CENTRAL ARMSTRONG ARM,50243916
1131007,KATHLYN LAKE; NORTHBASIN,50243717
1131007,KATHLYN LAKE; NORTHBASIN,50243717
500265,ELLISON LAKE CENTRAL,50243850
500265,ELLISON LAKE CENTRAL,50243850
500118,MABEL L @ SOUTH END (PE00173),50243851
500118,MABEL L @ SOUTH END (PE00173),50243851
500117,MABEL L @ TSUIUS CREEK,50243852
500117,MABEL L @ TSUIUS CREEK,50243852
603019,WILLIAMS LAKE AT CENTER,50243725
603019,WILLIAMS LAKE AT CENTER,50243725
500128,MARA LAKE OPPOSITE FOSSETT,50243892
500128,MARA LAKE OPPOSITE FOSSETT,50243892
E285689,MARA SOUTH OFF KINGBAKER C,50243893
E285689,MARA SOUTH OFF KINGBAKER C,50243893
500124,SHUSWAP LK OPPOSITE MARBLE PT.,50243895
500124,SHUSWAP LK OPPOSITE MARBLE PT.,50243895
E206955,NALTESBY LK. DEEP STN. NEAR MAIN ISLAND,50241078
603097,CHIMNEY LK. AT NW END,50243722
603097,CHIMNEY LK. AT NW END,50243722
500123,SHUSWAP LK WEST OF SORRENTO,50243894
500123,SHUSWAP LK WEST OF SORRENTO,50243894
E228889,ADAMS LK OFF BRENNAN CK,50243896
E228889,ADAMS LK OFF BRENNAN CK,50243896
603100,HORSE LK. AT DEEPEST PT.,50243723
E105973,FRASER L WEST BASIN DEEP STN,50241256
E105973,FRASER L WEST BASIN DEEP STN,50241256
603100,HORSE LK. AT DEEPEST PT.,50243723
400411,FRASER L NEAR MIDDLE 3 KM E LOT 3229,50241257
400411,FRASER L NEAR MIDDLE 3 KM E LOT 3229,50241257
E207907,MOBERLY LAKE DEEP STN.,50241254
E207907,MOBERLY LAKE DEEP STN.,50241254
500461,KALAMALKA L SOUTH COLDSTREAM C,50243898
500461,KALAMALKA L SOUTH COLDSTREAM C,50243898
500847,KALAMALKA LAKE DEEP BASIN,50243899
500847,KALAMALKA LAKE DEEP BASIN,50243899
500246,KALAMALKA LAKE SOUTH END,50243897
500246,KALAMALKA LAKE SOUTH END,50243897
500848,WOOD LAKE DEEP BASIN,50243900
500848,WOOD LAKE DEEP BASIN,50243900
E215758,CHRISTINA LAKE NORTH BASIN DEEP CENTRE,50243918
E215758,CHRISTINA LAKE NORTH BASIN DEEP CENTRE,50243918
200078,CHRISTINA L @ CHRISTINA,50243917
200078,CHRISTINA L @ CHRISTINA,50243917
1130218,SLOCAN LAKE; N. END,50243919
1130218,SLOCAN LAKE; N. END,50243919
1130219,SLOCAN LAKE; S. END,50243920
1130219,SLOCAN LAKE; S. END,50243920
500728,OSOYOOS L OPP. MONASHEE CO-OP,50243902
500728,OSOYOOS L OPP. MONASHEE CO-OP,50243902
E220540,OSOYOOS LAKE CENTRAL BASIN,50243903
E220540,OSOYOOS LAKE CENTRAL BASIN,50243903
500248,OSOYOOS L SOUTH BASIN,50243901
500248,OSOYOOS L SOUTH BASIN,50243901
1131112,MORICE LAKE; CENTER,50243719
1131112,MORICE LAKE; CENTER,50243719
1100844,ELK LAKE; CENTER,50247042
1100844,ELK LAKE; CENTER,50247042
E207466,QUAMICHAN LAKE; CENTRE,50247043
E207466,QUAMICHAN LAKE; CENTRE,50247043
1100862,BRANNEN LAKE,50247037
1100862,BRANNEN LAKE,50247037
E206283,LIZARD LAKE DEEPEST POINT,50247044
E206283,LIZARD LAKE DEEPEST POINT,50247044
1100953,LANGFORD LAKE; CENTRE,50247041
1100953,LANGFORD LAKE; CENTRE,50247041
500454,OKANAGAN L SOUTH PRAIRIE C - OK1 - N SUMMERLAND STP OUTFALL DIFFUSER,50247776
500454,OKANAGAN L SOUTH PRAIRIE C - OK1 - N SUMMERLAND STP OUTFALL DIFFUSER,50247776
500730,OKANAGAN L NORTH OKANAGAN CENTRE,50247777
500730,OKANAGAN L NORTH OKANAGAN CENTRE,50247777
E217509,COWICHAN LAKE LIMNOLOGY STATION # 3,50247040
E217509,COWICHAN LAKE LIMNOLOGY STATION # 3,50247040
E217508,COWICHAN LAKE LIMNOLOGY STATION # 2,50247039
E217508,COWICHAN LAKE LIMNOLOGY STATION # 2,50247039
E217507,COWICHAN LAKE LIMNOLOGY STATION # 1,50247038
E217507,COWICHAN LAKE LIMNOLOGY STATION # 1,50247038
500236,OKANAGAN L D/S KELOWNA STP (DEEP),50246856
500236,OKANAGAN L D/S KELOWNA STP (DEEP),50246856
E275463,BAINBRIDGE LAKE; DEEP STN,50247036
E275463,BAINBRIDGE LAKE; DEEP STN,50247036
500453,SKAHA L WEST OKANAGAN R MOUTH,50247781
500453,SKAHA L WEST OKANAGAN R MOUTH,50247781
500615,SKAHA L OPP. GILLIES,50247780
500615,SKAHA L OPP. GILLIES,50247780
500846,SKAHA L SOUTH BASIN,50247779
500846,SKAHA L SOUTH BASIN,50247779
500118,MABEL L @ SOUTH END (PE00173),50247786
500118,MABEL L @ SOUTH END (PE00173),50247786
500117,MABEL L @ TSUIUS CREEK,50247787
500117,MABEL L @ TSUIUS CREEK,50247787
500728,OSOYOOS L OPP. MONASHEE CO-OP,50247789
500728,OSOYOOS L OPP. MONASHEE CO-OP,50247789
E220540,OSOYOOS LAKE CENTRAL BASIN,50247790
E220540,OSOYOOS LAKE CENTRAL BASIN,50247790
500248,OSOYOOS L SOUTH BASIN,50247788
500248,OSOYOOS L SOUTH BASIN,50247788
500461,KALAMALKA L SOUTH COLDSTREAM C,50247783
500461,KALAMALKA L SOUTH COLDSTREAM C,50247783
500847,KALAMALKA LAKE DEEP BASIN,50247784
500847,KALAMALKA LAKE DEEP BASIN,50247784
500246,KALAMALKA LAKE SOUTH END,50247782
500246,KALAMALKA LAKE SOUTH END,50247782
500848,WOOD LAKE DEEP BASIN,50247785
500848,WOOD LAKE DEEP BASIN,50247785
500239,OKANAGAN L CENTRAL ARMSTRONG ARM,50248361
500239,OKANAGAN L CENTRAL ARMSTRONG ARM,50248361
E216924,TYHEE LAKE @ DEEP STN,50248076
E216924,TYHEE LAKE @ DEEP STN,50248076
1131007,KATHLYN LAKE; NORTHBASIN,50248077
1131007,KATHLYN LAKE; NORTHBASIN,50248077
603071,PENNASK LK NEAR CENTER,50247820
E223304,DIANA LAKE,50248078
E223304,DIANA LAKE,50248078
603071,PENNASK LK NEAR CENTER,50247820
E206616,LAKELSE LAKE DEEP STATION,50248079
E206616,LAKELSE LAKE DEEP STATION,50248079
603006,NICOLA LK AT DEEPEST PT.,50247821
603006,NICOLA LK AT DEEPEST PT.,50247821
200052,WINDERMERE L. OFF TIMBER RIDGE,50250087
200052,WINDERMERE L. OFF TIMBER RIDGE,50250087
200434,COLUMBIA LAKE; MIDLAKE NORTH,50250061
200434,COLUMBIA LAKE; MIDLAKE NORTH,50250061
1100844,ELK LAKE; CENTER,50250216
1100844,ELK LAKE; CENTER,50250216
1131186,WHITESWAN LAKE,50250086
1131186,WHITESWAN LAKE,50250086
300037,CULTUS LAKE AT CENTRE,50247825
300037,CULTUS LAKE AT CENTRE,50247825
1100953,LANGFORD LAKE; CENTRE,50250217
1100953,LANGFORD LAKE; CENTRE,50250217
E301590,MOYIE LAKE NORTH,50250076
1132490,BROHM LAKE; MIDLAKE,50247048
E206283,LIZARD LAKE DEEPEST POINT,50250220
1132490,BROHM LAKE; MIDLAKE,50247048
E206283,LIZARD LAKE DEEPEST POINT,50250220
E301590,MOYIE LAKE NORTH,50250076
E301591,MOYIE LAKE SOUTH,50250084
E301591,MOYIE LAKE SOUTH,50250084
E207466,QUAMICHAN LAKE; CENTRE,50250223
E207466,QUAMICHAN LAKE; CENTRE,50250223
E303413,CHILLIWACK LAKE NEAR CENTRE OF THE NORTH 1/2 OF LAKE,50247824
E303413,CHILLIWACK LAKE NEAR CENTRE OF THE NORTH 1/2 OF LAKE,50247824
1100862,BRANNEN LAKE,50250219
1100862,BRANNEN LAKE,50250219
500119,SUGAR L @ SITKUM CR.,50247807
500119,SUGAR L @ SITKUM CR.,50247807
E303250,PREMIER LAKE (DEEPEST POINT),50250085
E303250,PREMIER LAKE (DEEPEST POINT),50250085
E224946,FRANCOIS LAKE EAST END DEEP STATION,50249959
E224946,FRANCOIS LAKE EAST END DEEP STATION,50249959
E275463,BAINBRIDGE LAKE; DEEP STN,50250218
E275463,BAINBRIDGE LAKE; DEEP STN,50250218
500265,ELLISON LAKE CENTRAL,50247800
500265,ELLISON LAKE CENTRAL,50247800
500848,WOOD LAKE DEEP BASIN,50249967
500848,WOOD LAKE DEEP BASIN,50249967
E217509,COWICHAN LAKE LIMNOLOGY STATION # 3,50250226
E217509,COWICHAN LAKE LIMNOLOGY STATION # 3,50250226
E217508,COWICHAN LAKE LIMNOLOGY STATION # 2,50250225
E217508,COWICHAN LAKE LIMNOLOGY STATION # 2,50250225
E217507,COWICHAN LAKE LIMNOLOGY STATION # 1,50250224
E217507,COWICHAN LAKE LIMNOLOGY STATION # 1,50250224
500461,KALAMALKA L SOUTH COLDSTREAM C,50249965
500461,KALAMALKA L SOUTH COLDSTREAM C,50249965
500847,KALAMALKA LAKE DEEP BASIN,50249966
500847,KALAMALKA LAKE DEEP BASIN,50249966
500246,KALAMALKA LAKE SOUTH END,50249964
500246,KALAMALKA LAKE SOUTH END,50249964
603097,CHIMNEY LK. AT NW END,50249597
603097,CHIMNEY LK. AT NW END,50249597
500118,MABEL L @ SOUTH END (PE00173),50249969
500118,MABEL L @ SOUTH END (PE00173),50249969
500117,MABEL L @ TSUIUS CREEK,50249970
500117,MABEL L @ TSUIUS CREEK,50249970
400489,NADSILNICH (WEST) L DEEP STN CENTER N. END,50245817
400489,NADSILNICH (WEST) L DEEP STN CENTER N. END,50245817
603100,HORSE LK. AT DEEPEST PT.,50249598
603100,HORSE LK. AT DEEPEST PT.,50249598
E285689,MARA SOUTH OFF KINGBAKER C,50247803
E285689,MARA SOUTH OFF KINGBAKER C,50247803
500128,MARA LAKE OPPOSITE FOSSETT,50247802
500128,MARA LAKE OPPOSITE FOSSETT,50247802
1130219,SLOCAN LAKE; S. END,50247829
1130219,SLOCAN LAKE; S. END,50247829
603017,DRAGON LK. AT MIDDLE,50249596
1130218,SLOCAN LAKE; N. END,50247828
603017,DRAGON LK. AT MIDDLE,50249596
E206956,STUART LK EAST (MAIN) DEEP STN.,50245825
1130218,SLOCAN LAKE; N. END,50247828
E206956,STUART LK EAST (MAIN) DEEP STN.,50245825
500730,OKANAGAN L NORTH OKANAGAN CENTRE,50249960
500730,OKANAGAN L NORTH OKANAGAN CENTRE,50249960
E275784,ALTA LAKE; NORTH DEEP SITE,50250398
E275784,ALTA LAKE; NORTH DEEP SITE,50250398
400411,FRASER L NEAR MIDDLE 3 KM E LOT 3229,50245827
500239,OKANAGAN L CENTRAL ARMSTRONG ARM,50247801
500239,OKANAGAN L CENTRAL ARMSTRONG ARM,50247801
400411,FRASER L NEAR MIDDLE 3 KM E LOT 3229,50245827
E105973,FRASER L WEST BASIN DEEP STN,50245828
E105973,FRASER L WEST BASIN DEEP STN,50245828
803038,PUNTZI LAKE AT CENTRE,50249599
803038,PUNTZI LAKE AT CENTRE,50249599
500454,OKANAGAN L SOUTH PRAIRIE C - OK1 - N SUMMERLAND STP OUTFALL DIFFUSER,50249937
500454,OKANAGAN L SOUTH PRAIRIE C - OK1 - N SUMMERLAND STP OUTFALL DIFFUSER,50249937
603019,WILLIAMS LAKE AT CENTER,50249600
500236,OKANAGAN L D/S KELOWNA STP (DEEP),50249936
603019,WILLIAMS LAKE AT CENTER,50249600
500236,OKANAGAN L D/S KELOWNA STP (DEEP),50249936
400379,BURNS LAKE NEAR DEADMAN`S ISLAND,50249957
400379,BURNS LAKE NEAR DEADMAN`S ISLAND,50249957
E262699,BOWRON LAKE @ DEEPEST PT.,50249601
E262699,BOWRON LAKE @ DEEPEST PT.,50249601
1130618,BURNS LAKE; DEEP STN #2,50249958
1130618,BURNS LAKE; DEEP STN #2,50249958
500453,SKAHA L WEST OKANAGAN R MOUTH,50249963
500453,SKAHA L WEST OKANAGAN R MOUTH,50249963
500615,SKAHA L OPP. GILLIES,50249962
500615,SKAHA L OPP. GILLIES,50249962
500846,SKAHA L SOUTH BASIN,50249961
500846,SKAHA L SOUTH BASIN,50249961
E207907,MOBERLY LAKE DEEP STN.,50245837
E207907,MOBERLY LAKE DEEP STN.,50245837
1131112,MORICE LAKE; CENTER,50248081
1131112,MORICE LAKE; CENTER,50248081
400935,SWAN L CENTER DEEP STN. 7 M DEPTH,50245843
400935,SWAN L CENTER DEEP STN. 7 M DEPTH,50245843
400390,CHARLIE L DEEP STATION 1.2 KM EAST OF PARK,50245840
400390,CHARLIE L DEEP STATION 1.2 KM EAST OF PARK,50245840
500728,OSOYOOS L OPP. MONASHEE CO-OP,50249973
500728,OSOYOOS L OPP. MONASHEE CO-OP,50249973
E220540,OSOYOOS LAKE CENTRAL BASIN,50249974
E220540,OSOYOOS LAKE CENTRAL BASIN,50249974
500248,OSOYOOS L SOUTH BASIN,50249971
500248,OSOYOOS L SOUTH BASIN,50249971
E215758,CHRISTINA LAKE NORTH BASIN DEEP CENTRE,50247806
400336,TABOR L DEEP STN -IN SOUTH HALF OF LAKE,50245815
400336,TABOR L DEEP STN -IN SOUTH HALF OF LAKE,50245815
E215758,CHRISTINA LAKE NORTH BASIN DEEP CENTRE,50247806
200078,CHRISTINA L @ CHRISTINA,50247805
200078,CHRISTINA L @ CHRISTINA,50247805
400502,CLUCULZ L DEEP STN EAST ARM CENTER,50245819
400502,CLUCULZ L DEEP STN EAST ARM CENTER,50245819
E206955,NALTESBY LK. DEEP STN. NEAR MAIN ISLAND,50247616
E206955,NALTESBY LK. DEEP STN. NEAR MAIN ISLAND,50247616
E228889,ADAMS LK OFF BRENNAN CK,50247819
E228889,ADAMS LK OFF BRENNAN CK,50247819
500123,SHUSWAP LK WEST OF SORRENTO,50247816
500123,SHUSWAP LK WEST OF SORRENTO,50247816
500124,SHUSWAP LK OPPOSITE MARBLE PT.,50247818
500124,SHUSWAP LK OPPOSITE MARBLE PT.,50247818
E206616,,50251896
